{
   "type" : "artist",
   "puzzle" : [
      [
         0,
         0,
         0,
         20,
         "black",
         7
      ],
      [
         0,
         20,
         20,
         20,
         "black",
         7
      ],
      [
         20,
         20,
         20,
         0,
         "black",
         7
      ],
      [
         20,
         0,
         3.5527136788005e-15,
         -3.67394039744206e-15,
         "black",
         7
      ]
   ],
   "start_direction" : 0,
   "title" : "Stage 7: Puzzle 6 of 11",
   "startx" : 0,
   "starty" : 0
}
