{
   "start_direction" : 90,
   "starty" : 0,
   "title" : "Stage 7: Puzzle 1 of 11",
   "startx" : 0,
   "puzzle" : [
      [
         0,
         0,
         100,
         6.12323399573677e-15,
         "black",
         7
      ],
      [
         100,
         6.12323399573677e-15,
         50,
         -86.6025403784439,
         "black",
         7
      ],
      [
         50,
         -86.6025403784439,
         -5.6843418860808e-14,
         -2.8421709430404e-14,
         "black",
         7
      ]
   ],
   "type" : "artist"
}
