{
   "start_direction" : 90,
   "starty" : 0,
   "title" : "Stage 7: Puzzle 3 of 11",
   "puzzle" : [
      [
         0,
         0,
         100,
         6.12323399573677e-15,
         "#92aea6",
         7
      ],
      [
         100,
         6.12323399573677e-15,
         50,
         -86.6025403784439,
         "#92aea6",
         7
      ],
      [
         50,
         -86.6025403784439,
         -5.6843418860808e-14,
         -2.8421709430404e-14,
         "#92aea6",
         7
      ],
      [
         -5.6843418860808e-14,
         -2.8421709430404e-14,
         -2.01040148863874e-14,
         -100,
         "#26310d",
         7
      ],
      [
         -2.01040148863874e-14,
         -100,
         -86.6025403784439,
         -50.0000000000001,
         "#26310d",
         7
      ],
      [
         -86.6025403784439,
         -50.0000000000001,
         -5.6843418860808e-14,
         -1.20792265079217e-13,
         "#26310d",
         7
      ],
      [
         -5.6843418860808e-14,
         -1.20792265079217e-13,
         -100,
         -1.05121550922964e-14,
         "#3ab713",
         7
      ],
      [
         -100,
         -1.05121550922964e-14,
         -50.0000000000002,
         86.6025403784439,
         "#3ab713",
         7
      ],
      [
         -50.0000000000002,
         86.6025403784439,
         -1.49213974509621e-13,
         7.105427357601e-14,
         "#3ab713",
         7
      ],
      [
         -1.49213974509621e-13,
         7.105427357601e-14,
         -2.47185718441409e-13,
         100,
         "#eb09c3",
         7
      ],
      [
         -2.47185718441409e-13,
         100,
         86.6025403784436,
         50.0000000000001,
         "#eb09c3",
         7
      ],
      [
         86.6025403784436,
         50.0000000000001,
         -3.12638803734444e-13,
         1.63424829224823e-13,
         "#eb09c3",
         7
      ]
   ],
   "startx" : 0,
   "type" : "artist",
   "lasty" : 50.0000000000001
}
