{
   "title": "Stage 7: Puzzle 2 of 11",
   "puzzle" : [
      [
         0,
         0,
         100,
         6.12323399573677e-15,
         "#3a66d6",
         7
      ],
      [
         100,
         6.12323399573677e-15,
         50,
         -86.6025403784439,
         "#3a66d6",
         7
      ],
      [
         50,
         -86.6025403784439,
         -5.6843418860808e-14,
         -2.8421709430404e-14,
         "#3a66d6",
         7
      ],
      [
         -5.6843418860808e-14,
         -2.8421709430404e-14,
         -2.01040148863874e-14,
         -100,
         "#62a5d2",
         7
      ],
      [
         -2.01040148863874e-14,
         -100,
         -86.6025403784439,
         -50.0000000000001,
         "#62a5d2",
         7
      ],
      [
         -86.6025403784439,
         -50.0000000000001,
         -5.6843418860808e-14,
         -1.20792265079217e-13,
         "#62a5d2",
         7
      ]
   ],
   "type" : "artist",
   "starty" : 0,
   "start_direction" : 90,
   "startx" : 0
}
