{
   "start_direction" : 90,
   "title" : "Stage 7: Puzzle 4 of 11",
   "startx" : 0,
   "puzzle" : [
      [
         0,
         0,
         100,
         6.12323399573677e-15,
         "#74e673",
         7
      ],
      [
         100,
         6.12323399573677e-15,
         50,
         -86.6025403784439,
         "#74e673",
         7
      ],
      [
         50,
         -86.6025403784439,
         -5.6843418860808e-14,
         -2.8421709430404e-14,
         "#74e673",
         7
      ],
      [
         -5.6843418860808e-14,
         -2.8421709430404e-14,
         80.9016994374947,
         -58.7785252292473,
         "#1cb63a",
         7
      ],
      [
         80.9016994374947,
         -58.7785252292473,
         -10.4528463267653,
         -99.4521895368274,
         "#1cb63a",
         7
      ],
      [
         -10.4528463267653,
         -99.4521895368274,
         1.77635683940025e-14,
         -9.9475983006414e-14,
         "#1cb63a",
         7
      ],
      [
         1.77635683940025e-14,
         -9.9475983006414e-14,
         30.9016994374948,
         -95.1056516295154,
         "#97fc6c",
         7
      ],
      [
         30.9016994374948,
         -95.1056516295154,
         -66.9130606358858,
         -74.3144825477396,
         "#97fc6c",
         7
      ],
      [
         -66.9130606358858,
         -74.3144825477396,
         2.8421709430404e-14,
         -1.98951966012828e-13,
         "#97fc6c",
         7
      ],
      [
         2.8421709430404e-14,
         -1.98951966012828e-13,
         -30.9016994374948,
         -95.1056516295155,
         "#e646d1",
         7
      ],
      [
         -30.9016994374948,
         -95.1056516295155,
         -97.8147600733807,
         -20.7911690817762,
         "#e646d1",
         7
      ],
      [
         -97.8147600733807,
         -20.7911690817762,
         -1.84741111297626e-13,
         -2.27373675443232e-13,
         "#e646d1",
         7
      ],
      [
         -1.84741111297626e-13,
         -2.27373675443232e-13,
         -80.901699437495,
         -58.7785252292475,
         "#ef69a0",
         7
      ],
      [
         -80.901699437495,
         -58.7785252292475,
         -91.3545457642605,
         40.6736643075798,
         "#ef69a0",
         7
      ],
      [
         -91.3545457642605,
         40.6736643075798,
         -5.11590769747272e-13,
         -4.47641923528863e-13,
         "#ef69a0",
         7
      ],
      [
         -5.11590769747272e-13,
         -4.47641923528863e-13,
         -100.000000000001,
         -7.66111989370834e-13,
         "#2a57d2",
         7
      ],
      [
         -100.000000000001,
         -7.66111989370834e-13,
         -50.0000000000004,
         86.602540378443,
         "#2a57d2",
         7
      ],
      [
         -50.0000000000004,
         86.602540378443,
         -3.05533376376843e-13,
         -7.95807864051312e-13,
         "#2a57d2",
         7
      ],
      [
         -3.05533376376843e-13,
         -7.95807864051312e-13,
         -80.901699437495,
         58.7785252292465,
         "#392dbc",
         7
      ],
      [
         -80.901699437495,
         58.7785252292465,
         10.452846326765,
         99.4521895368268,
         "#392dbc",
         7
      ],
      [
         10.452846326765,
         99.4521895368268,
         -6.19948536950687e-13,
         -5.40012479177676e-13,
         "#392dbc",
         7
      ],
      [
         -6.19948536950687e-13,
         -5.40012479177676e-13,
         -30.9016994374957,
         95.1056516295147,
         "#3c407d",
         7
      ],
      [
         -30.9016994374957,
         95.1056516295147,
         66.9130606358848,
         74.3144825477387,
         "#3c407d",
         7
      ],
      [
         66.9130606358848,
         74.3144825477387,
         -8.95283847057726e-13,
         -8.66862137627322e-13,
         "#3c407d",
         7
      ],
      [
         -8.95283847057726e-13,
         -8.66862137627322e-13,
         30.9016994374938,
         95.1056516295145,
         "#a646e5",
         7
      ],
      [
         30.9016994374938,
         95.1056516295145,
         97.8147600733798,
         20.7911690817753,
         "#a646e5",
         7
      ],
      [
         97.8147600733798,
         20.7911690817753,
         -7.53175299905706e-13,
         -4.83169060316868e-13,
         "#a646e5",
         7
      ],
      [
         -7.53175299905706e-13,
         -4.83169060316868e-13,
         80.9016994374937,
         58.7785252292472,
         "#f5b523",
         7
      ],
      [
         80.9016994374937,
         58.7785252292472,
         91.354545764259,
         -40.6736643075802,
         "#f5b523",
         7
      ],
      [
         91.354545764259,
         -40.6736643075802,
         -1.13686837721616e-12,
         -3.26849658449646e-13,
         "#f5b523",
         7
      ]
   ],
   "type" : "artist",
   "starty" : 0
}
