{
   "type" : "artist",
   "startx" : 0,
   "start_direction" : 0,
   "uid" : "dima-spiral",
   "starty" : 0,
   "puzzle" : [
      [
         0,
         0,
         0,
         1,
         "#ec5731",
         5
      ],
      [
         0,
         1,
         5.99908617093835,
         0.895285561376299,
         "#59b4f5",
         5
      ],
      [
         5.99908617093835,
         0.895285561376299,
         5.61519170721084,
         -10.0980135358338,
         "#246b23",
         5
      ],
      [
         5.61519170721084,
         -10.0980135358338,
         -10.3628808488623,
         -9.26063823594665,
         "#699ebe",
         5
      ],
      [
         -10.3628808488623,
         -9.26063823594665,
         -8.89799490023571,
         11.6882068195097,
         "#2c9a06",
         5
      ],
      [
         -8.89799490023571,
         11.6882068195097,
         17.0030672501497,
         9.42215750807056,
         "#a9781f",
         5
      ],
      [
         17.0030672501497,
         9.42215750807056,
         13.7626848888524,
         -21.4080212483459,
         "#b26d8e",
         5
      ],
      [
         13.7626848888524,
         -21.4080212483459,
         -21.9689765702352,
         -17.0207248857606,
         "#9a6ba1",
         5
      ],
      [
         -21.9689765702352,
         -17.0207248857606,
         -16.2628794308725,
         23.5802659326437,
         "#1af658",
         5
      ],
      [
         -16.2628794308725,
         23.5802659326437,
         29.1707842365038,
         16.3842805407931,
         "#7b77d2",
         5
      ],
      [
         29.1707842365038,
         16.3842805407931,
         20.3147271754904,
         -33.8409148628295,
         "#882a83",
         5
      ],
      [
         20.3147271754904,
         -33.8409148628295,
         -34.6563950975788,
         -23.155611121743,
         "#d3234d",
         5
      ],
      [
         -34.6563950975788,
         -23.155611121743,
         -21.9737819576954,
         36.5113925230191,
         "#87a6d3",
         5
      ],
      [
         -21.9737819576954,
         36.5113925230191,
         42.3346423181301,
         21.664622936324,
         "#2ef298",
         5
      ],
      [
         42.3346423181301,
         21.664622936324,
         25.1581877305538,
         -47.2263736292718,
         "#a5eddd",
         5
      ],
      [
         25.1581877305538,
         -47.2263736292718,
         -48.2521750674154,
         -27.5561262014803,
         "#8acd66",
         5
      ],
      [
         -48.2521750674154,
         -27.5561262014803,
         -25.9255492462385,
         50.3060711695235,
         "#5467ce",
         5
      ],
      [
         -25.9255492462385,
         50.3060711695235,
         56.3166597665825,
         25.1621045633682,
         "#73e02b",
         5
      ],
      [
         56.3166597665825,
         25.1621045633682,
         28.1961132784622,
         -61.3840384194908,
         "#f6ea54",
         5
      ],
      [
         28.1961132784622,
         -61.3840384194908,
         -62.5736699790722,
         -30.129495591604,
         "#b48632",
         5
      ],
      [
         -62.5736699790722,
         -30.129495591604,
         -28.0296355031798,
         64.7794591077728,
         "#c309b0",
         5
      ],
      [
         -28.0296355031798,
         64.7794591077728,
         70.9298897055235,
         26.7924564559708,
         "#149a60",
         5
      ],
      [
         70.9298897055235,
         26.7924564559708,
         29.3485578363573,
         -76.1249514009426,
         "#f0971d",
         5
      ],
      [
         29.3485578363573,
         -76.1249514009426,
         -77.430005164126,
         -30.8001404961872,
         "#23d703",
         5
      ],
      [
         -77.430005164126,
         -30.8001404961872,
         -28.2148713519541,
         79.7388598785674,
         "#2685ab",
         5
      ],
      [
         -28.2148713519541,
         79.7388598785674,
         85.9799098146639,
         26.4889588992395,
         "#d98a74",
         5
      ],
      [
         85.9799098146639,
         26.4889588992395,
         28.5532895852945,
         -91.2530611659512,
         "#2a8968",
         5
      ],
      [
         28.5532895852945,
         -91.2530611659512,
         -92.6235977043235,
         -29.510353201373,
         "#e71639",
         5
      ],
      [
         -92.6235977043235,
         -29.510353201373,
         -26.4281073515134,
         94.985257391736,
         "#a7389b",
         5
      ],
      [
         -26.4281073515134,
         94.985257391736,
         101.266369890838,
         24.2030528357707,
         "#f6f663",
         5
      ],
      [
         101.266369890838,
         24.2030528357707,
         25.7663698908387,
         -106.56678313568,
         "#344abe",
         5
      ],
      [
         25.7663698908387,
         -106.56678313568,
         -107.951729018691,
         -26.220843449711,
         "#e5d38f",
         5
      ],
      [
         -107.951729018691,
         -26.220843449711,
         -22.6347274771449,
         110.314900031474,
         "#d344d5",
         5
      ],
      [
         -22.6347274771449,
         110.314900031474,
         116.584586801796,
         19.9048202189797,
         "#146b83",
         5
      ],
      [
         116.584586801796,
         19.9048202189797,
         20.9626003082982,
         -121.860604687932,
         "#82e8a7",
         5
      ],
      [
         20.9626003082982,
         -121.860604687932,
         -123.208159486565,
         -20.9111518901487,
         "#40443f",
         5
      ],
      [
         -123.208159486565,
         -20.9111518901487,
         -16.8190288216268,
         125.520924091717,
         "#a0ef2a",
         5
      ],
      [
         -16.8190288216268,
         125.520924091717,
         131.72717604717,
         13.5833297854359,
         "#e9d8ca",
         5
      ],
      [
         131.72717604717,
         13.5833297854359,
         14.1358342599698,
         -136.926724153449,
         "#6b3a1e",
         5
      ],
      [
         14.1358342599698,
         -136.926724153449,
         -138.184774185597,
         -13.5799275076805,
         "#c4b215",
         5
      ],
      [
         -138.184774185597,
         -13.5799275076805,
         -8.98446463860265,
         140.395005559235,
         "#afe029",
         5
      ],
      [
         -8.98446463860265,
         140.395005559235,
         146.485708887289,
         5.24684558719102,
         "#b33b8c",
         5
      ],
      [
         146.485708887289,
         5.24684558719102,
         5.29915094556932,
         -151.556712588538,
         "#9ff4a6",
         5
      ],
      [
         5.29915094556932,
         -151.556712588538,
         -152.673248604171,
         -4.2450668150384,
         "#843a74",
         5
      ],
      [
         -152.673248604171,
         -4.2450668150384,
         0.846251267267064,
         154.729029059804,
         "#5599a7",
         5
      ],
      [
         0.846251267267064,
         154.729029059804,
         160.652383815427,
         -5.07710348835553,
         "#6bed9e",
         5
      ],
      [
         160.652383815427,
         -5.07710348835553,
         -5.51511006279998,
         -165.543187064385,
         "#90038a",
         5
      ],
      [
         -5.51511006279998,
         -165.543187064385,
         -166.466723037549,
         7.05628651774001,
         "#829c2c",
         5
      ],
      [
         -166.466723037549,
         7.05628651774001,
         12.6311799025035,
         168.316762650225,
         "#91bbc9",
         5
      ],
      [
         12.6311799025035,
         168.316762650225,
         174.021701034169,
         -17.3417940845772,
         "#e1448f",
         5
      ],
      [
         174.021701034169,
         -17.3417940845772,
