{"starty": 0, "type": "artist", "uid": "enchcode3", "start_direction": 0, "puzzle": [[0, 0, 0.0, 100.0, "red", 7], [0.0, 100.0, 100.0, 100.0, "red", 7], [100.0, 100.0, 100.00000000000001, 0.0, "red", 7], [100.00000000000001, 0.0, 1.4210854715202004e-14, -1.8369701987210297e-14, "red", 7], [1.4210854715202004e-14, -1.8369701987210297e-14, -99.99999999999999, -3.6739403974420595e-14, "red", 7], [-99.99999999999999, -3.6739403974420595e-14, -100.00000000000001, 99.99999999999996, "red", 7], [-100.00000000000001, 99.99999999999996, -1.4210854715202004e-14, 99.99999999999999, "red", 7], [-1.4210854715202004e-14, 99.99999999999999, 2.252854925921859e-14, -1.4210854715202004e-14, "red", 7]], "startx": 0}