{"puzzle": [[0, 0, 100.0, 6.123233995736766e-15, "#cdf746", 7], [100.0, 6.123233995736766e-15, 100.00000000000001, -100.0, "#4b5d85", 7], [100.00000000000001, -100.0, 1.4210854715202004e-14, -100.00000000000001, "#99419d", 7], [1.4210854715202004e-14, -100.00000000000001, -1.028208126774506e-14, -1.4210854715202004e-14, "#1c0da6", 7], [-1.028208126774506e-14, -1.4210854715202004e-14, 49.99999999999999, 86.60254037844385, "#19d10a", 7], [49.99999999999999, 86.60254037844385, 99.99999999999997, -2.842170943040401e-14, "#4baa85", 7], [99.99999999999997, -2.842170943040401e-14, -2.842170943040401e-14, -7.128434740056136e-14, "#209d6d", 7]], "uid": "enchcode4", "startx": 0, "type": "artist", "start_direction": 0, "starty": 0}