{"puzzle": [[0, 0, 0.0, 100.0, "#729493", 7], [0.0, 100.0, 100.0, 100.0, "#53599c", 7], [100.0, 100.0, 100.00000000000001, 0.0, "#550ef6", 7], [100.00000000000001, 0.0, 1.4210854715202004e-14, -1.8369701987210297e-14, "#b4a054", 7]], "type": "artist", "starty": 0, "start_direction": 0, "uid": "enchcode2", "startx": 0}